{"cameraMode":{"drawMode":0,"name":"Shaded","section":"Shading Mode"},"sceneLighting":true,"audioPlay":false,"sceneViewState":{"m_AlwaysRefresh":false,"showFog":true,"showSkybox":true,"showFlares":true,"showImageEffects":true,"showParticleSystems":true,"showVisualEffectGraphs":true,"m_FxEnabled":true},"in2DMode":false,"pivot":{"x":52.446311950683597,"y":-6.507059097290039,"z":36.74961853027344},"rotation":{"x":0.11933865398168564,"y":-0.3424506187438965,"z":0.043897222727537158,"w":0.9309050440788269},"size":75.38615417480469,"orthographic":true}