{"cameraMode":{"drawMode":0,"name":"Shaded","section":"Shading Mode"},"sceneLighting":true,"audioPlay":false,"sceneViewState":{"m_AlwaysRefresh":false,"showFog":true,"showSkybox":true,"showFlares":true,"showImageEffects":true,"showParticleSystems":true,"showVisualEffectGraphs":true,"m_FxEnabled":true},"in2DMode":false,"pivot":{"x":580.7837524414063,"y":14.431846618652344,"z":488.1172180175781},"rotation":{"x":0.19894219934940339,"y":0.034959837794303897,"z":-0.00719043891876936,"w":0.9794148802757263},"size":34.657772064208987,"orthographic":true}