{"cameraMode":{"drawMode":0,"name":"Shaded","section":"Shading Mode"},"sceneLighting":true,"audioPlay":false,"sceneViewState":{"m_AlwaysRefresh":false,"showFog":true,"showSkybox":true,"showFlares":true,"showImageEffects":true,"showParticleSystems":true,"showVisualEffectGraphs":true,"m_FxEnabled":true},"in2DMode":false,"pivot":{"x":609.7999877929688,"y":18.416057586669923,"z":484.18792724609377},"rotation":{"x":-0.02155817113816738,"y":0.8462086319923401,"z":-0.03427404165267944,"w":-0.5313547849655151},"size":16.111011505126954,"orthographic":true}