{"cameraMode":{"drawMode":0,"name":"Shaded","section":"Shading Mode"},"sceneLighting":true,"audioPlay":false,"sceneViewState":{"m_AlwaysRefresh":false,"showFog":true,"showSkybox":true,"showFlares":true,"showImageEffects":true,"showParticleSystems":true,"showVisualEffectGraphs":true,"m_FxEnabled":true},"in2DMode":false,"pivot":{"x":560.5167846679688,"y":47.97992706298828,"z":391.0090026855469},"rotation":{"x":0.25985512137413027,"y":-0.08820832520723343,"z":0.023841211572289468,"w":0.9613245129585266},"size":7.844236850738525,"orthographic":true}