{"cameraMode":{"drawMode":0,"name":"Shaded","section":"Shading Mode"},"sceneLighting":false,"audioPlay":false,"sceneViewState":{"m_AlwaysRefresh":false,"showFog":true,"showSkybox":false,"showFlares":true,"showImageEffects":true,"showParticleSystems":true,"showVisualEffectGraphs":true,"m_FxEnabled":true},"in2DMode":false,"pivot":{"x":438.4703674316406,"y":0.9244822263717651,"z":563.0560302734375},"rotation":{"x":0.15271931886672975,"y":0.6346640586853027,"z":-0.12997640669345857,"w":0.7463828325271606},"size":1.8750078678131104,"orthographic":true}