{"cameraMode":{"drawMode":0,"name":"Shaded","section":"Shading Mode"},"sceneLighting":false,"audioPlay":false,"sceneViewState":{"m_AlwaysRefresh":false,"showFog":true,"showSkybox":false,"showFlares":true,"showImageEffects":true,"showParticleSystems":true,"showVisualEffectGraphs":true,"m_FxEnabled":true},"in2DMode":false,"pivot":{"x":0.003954971209168434,"y":0.00715617835521698,"z":-0.013042442500591278},"rotation":{"x":-0.0470874160528183,"y":0.9155732989311218,"z":-0.3837376534938812,"w":-0.11206179857254029},"size":0.06773720681667328,"orthographic":false}